Software,Collaborative software,Issue tracking system,Scheduling,Project Portfolio Management,Resource Management,Document Management,Workflow system,Reporting and Analyses
2-plan,[null],[null],<ref name="2-plan" />,[null],[null],[null],[null],[null]
24SevenOffice,[null],[null],[null],[null],[null],[null],[null],[null]
Actionspace,[null],[null],[null],[null],[null],(Integrates with SharePoint),[null],[null]
Apache Allura,[null],[null],[null],[null],[null],[null],[null],[null]
Apache OFBiz,[null],[null],[null],[null],[null],[null],[null],[null]
Apache Bloodhound,[null],[null],[null],[null],[null],[null],[null],[null]
Asana,[null],[null],[null],[null],[null],[null],[null],[null]
Assembla,[null],[null],[null],[null],[null],[null],[null],[null]
Axosoft,[null],[null],[null],[null],[null],[null],[null],[null]
Basecamp,<ref name="basecamp" />,[null],[null],[null],<ref name="Dynamicwp" />,[null],[null],[null]
BigGantt,[null],[null],[null],[null],[null],[null],[null],[null]
BigPicture,[null],[null],[null],[null],[null],[null],[null],[null]
Calligra Plan,[null],[null],[null],[null],[null],[null],[null],[null]
CEITON,[null],[null],[null],[null],[null],[null],[null],[null]
Clarizen,[null],[null],[null],[null],[null],[null],[null],[null]
Collabtive,[null],[null],[null],[null],[null],[null],[null],[null]
Compuware Changepoint,[null],[null],[null],[null],[null],[null],[null],[null]
ConceptDraw Project,<ref name="conceptdrawcollaborate"/>,<ref name="conceptdrawtrack"/>,<ref name="conceptdrawschedule"/>,[null],[null],[null],[null],[null]
Concerto Project Management,[null],[null],[null],[null],[null],[null],[null],[null]
Copper Project,[null],[null],[null],[null],[null],[null],[null],[null]
dotProject,[null],[null],[null],[null],[null],[null],[null],[null]
DynaRoad,[null],[null],[null],[null],[null],[null],[null],[null]
Easy projects,[null],[null],[null],[null],[null],[null],[null],[null]
Eclipse PPM software,[null],[null],[null],[null],[null],[null],[null],[null]
Endeavour Software Project Management,[null],[null],[null],[null],[null],[null],[null],[null]
eGroupWare,[null],[null],[null],[null],[null],[null],[null],[null]
enQuire,[null],[null],[null],[null],[null],[null],[null],[null]
FastTrack Schedule,[null],[null],[null],[null],[null],[null],[null],[null]
Feng Office Community Edition,[null],[null],[null],[null],[null],[null],[null],[null]
FinancialForce.com,[null],[null],[null],[null],[null],[null],[null],[null]
FogBugz,[null],[null],[null],[null],[null],[null],[null],[null]
Fossil-scm,[null],[null],[null],[null],[null],[null],[null],[null]
Freedcamp,[null],[null],[null],[null],[null],[null],[null],[null]
GanttProject,[null],[null],[null],[null],[null],[null],[null],[null]
Genius Project,[null],[null],[null],[null],[null],[null],[null],[null]
Group-Office,[null],[null],[null],[null],[null],[null],[null],[null]
GroveSite,[null],[null],[null],[null],[null],[null],[null],[null]
Hall.com,[null],[null],[null],[null],[null],[null],[null],[null]
Helix ALM,[null],[null],[null],[null],[null],[null],[null],[null]
HeySpace,[null],[null],[null],[null],[null],[null],[null],[null]
HP Project & Portfolio Software,[null],[null],[null],[null],[null],[null],[null],[null]
Huddle,[null],[null],[null],[null],[null],[null],[null],[null]
Hyperoffice,[null],[null],[null],[null],[null],[null],[null],[null]
iManageProject,[null],[null],[null],[null],[null],[null],[null],[null]
InLoox,[null],[null],[null],[null],[null],[null],[null],[null]
in-Step BLUE,[null],[null],[null],[null],[null],[null],[null],[null]
IRise,[null],[null],[null],[null],[null],[null],[null],[null]
Jira,[null],[null],[null],[null],[null],[null],[null],[null]
Launchpad,[null],[null],[null],[null],[null],[null],[null],[null]
LibrePlan,[null],[null],[null],[null],[null],[null],[null],[null]
LiquidPlanner,[null],[null],[null],[null],[null],[null],[null],[null]
LisaProject,[null],[null],[null],[null],[null],[null],[null],[null]
MacProject,[null],[null],[null],[null],[null],[null],[null],[null]
MantisBT,[null],[null],[null],[null],[null],[null],[null],[null]
MeisterTask,[null],[null],[null],[null],[null],[null],[null],[null]
MÃ©tier,[null],[null],[null],[null],[null],[null],[null],[null]
Microsoft Dynamics AX,[null],[null],[null],[null],[null],[null],[null],[null]
[added],[added],[added],[added],[added],[added],[added],[added],[added]
Microsoft Office Project Server,[null],[null],[null],[null],[null],[null],[null],[null]
Microsoft Project,[null],[null],[null],[null],[null],[null],[null],[null]
Microsoft SharePoint Server,[null],[null],[null],[null],[null],[null],[null],[null]
Microsoft Team Foundation Server,[null],[null],[null],[null],[null],[null],[null],[null]
Milestones Professional,[null],[null],[null],[null],[null],[null],[null],[null]
MyWorkPLAN,[null],[null],[null],[null],[null],[null],[null],[null]
NetPoint,[null],[null],[null],[null],[null],[null],[null],[null]
NetSuite,[null],[null],[null],[null],[null],[null],[null],[null]
O3Spaces,[null],[null],[null],[null],[null],[null],[null],[null]
OnePager Pro,[null],[null],[null],[null],[null],[null],[null],[null]
OmniPlan,[null],[null],[null],[null],[null],[null],[null],[null]
Open Workbench,[null],[null],[null],[null],[null],[null],[null],[null]
OpenProj,[null],[null],[null],[null],[null],[null],[null],[null]
OpenProject,[null],[null],[null],[null],[null],[null],[null],(Via OpenProject plug-ins)<ref></ref>
Oracle Primavera EPPM (Primavera P6),[null],[null],[null],[null],[null],[null],[null],[null]
phpGroupWare,[null],[null],[null],[null],[null],[null],[null],[null]
PHProjekt,[null],[null],[null],[null],[null],[null],[null],[null]
Pivotal Tracker,[null],[null],[null],[null],[null],[null],[null],[null]
Plandora,[null],[null],[null],[null],[null],[null],[null],[null]
Planisware,[null],[null],[null],[null],[null],[null],[null],[null]
PLANTA Project,[null],[null],[null],[null],[null],[null],[null],[null]
Project Builder,[null],[null],[null],[null],[null],[null],[null],[null]
Project KickStart,[null],[null],[null],[null],[null],<ref name="projectkickstart DocumentManagement" />,<ref name="projectkickstart project_planning" />,<ref name="projectkickstart reports" />
Project Team Builder,[null],[null],<ref name="Vanhoucke" />,<ref Name="Vanhoucke" />,<ref Name="Vanhoucke" />,[null],[null],<ref name="Vanhoucke" />
ProjectLibre,(Enterprise ProjectLibre and PPMLibre under development)<ref name = devel2 /><ref name = devel1></ref>,[null],[null],(Enterprise ProjectLibre and PPMLibre under development)<ref name = devel2 /><ref name = devel1 />,[null],<ref></ref>,[null],[null]
ProjectLink,[null],[null],[null],[null],[null],[null],[null],[null]
ProjectManager.com,[null],[null],[null],[null],[null],[null],[null],[null]
Project.net,[null],[null],[null],[null],[null],[null],[null],[null]
Projector PSA,[null],[null],[null],[null],[null],[null],[null],[null]
Projectplace,[null],[null],[null],[null],[null],[null],[null],[null]
Projektron BCS,[null],[null],[null],[null],[null],[null],[null],[null]
ProjeQtOr,[null],[null],[null],[null],[null],[null],[null],[null]
Proliance,[null],[null],[null],[null],[null],[null],<ref></ref>,<ref></ref>
Prolog,[null],[null],[null],[null],[null],[null],[null],[null]
Pyrus,[null],[null],[null],[null],[null],[null],[null],[null]
RationalPlan,[null],[null],[null],[null],[null],[null],[null],[null]
Realisor,[null],[null],[null],[null],[null],[null],[null],[null]
Redbooth,<ref name="Teambox_RWW" />,[null],[null],<ref name="Teambox_Pcworld" />,<ref name="Teambox_RWW" />,<ref name="Teambox_RWW" />,[null],[null]
Redmine,[null],[null],[null],[null],[null],[null],[null],[null]
Rillsoft Project & Integration Server,[null],[null],[null],[null],[null],[null],[null],[null]
SAP Business ByDesign,[null],[null],[null],[null],[null],[null],[null],[null]
Sciforma,[null],[null],[null],[null],[null],[null],[null],[null]
Scoro,[null],[null],[null],[null],[null],[null],[null],[null]
Severa,[null],[null],[null],[null],[null],[null],[null],[null]
Smartsheet,[null],[null],[null],[null],[null],[null],[null],[null]
Spider Project,[null],[null],[null],[null],[null],[null],[null],[null]
Streamtime Software,[null],[null],[null],[null],[null],[null],[null],[null]
TACTIC,[null],[null],[null],[null],[null],[null],[null],[null]
Talygen,[null],[null],[null],[null],[null],[null],[null],[null]
TaskJuggler,[null],[null],[null],[null],[null],[null],[null],[null]
Teamcenter,[null],[null],[null],[null],[null],[null],[null],[null]
TeamDynamixHE,[null],[null],[null],[null],[null],[null],[null],[null]
TeamLab,[null],[null],[null],[null],[null],[null],[null],[null]
Teamwork.com,[null],[null],[null],[null],[null],[null],[null],[null]
Trac,[null],[null],[null],[null],[null],[null],[null],[null]
TrackerSuite.Net,[null],[null],[null],[null],[null],[null],[null],[null]
Traction TeamPage,[null],[null],[null],[null],[null],[null],[null],[null]
Trello,[null],[null],[null],[null],[null],[null],[null],[null]
Triskell,[null],[null],[null],[null],[null],[null],[null],[null]
Tuleap,[null],[null],[null],[null],[null],[null],[null],[null]
Twproject,[null],[null],[null],[null],[null],[null],[null],[null]
UniPhi,[null],[null],[null],[null],[null],[null],[null],[null]
VPMi,[null],[null],[null],[null],[null],[null],[null],[null]
web2project,[null],[null],[null],[null],[null],[null],[null],[null]
Workamajig,[null],[null],[null],[null],[null],[null],[null],[null]
Workfront,[null],<ref name="Dynamicwp" />,<ref name="Dynamicwp" />,<ref name="Dynamicwp" />,[null],[null],[null],[null]
WorkPLAN Enterprise,[null],[null],[null],[null],[null],[null],[null],[null]
workspace.com,[null],[null],[null],[null],[null],[null],[null],[null]
Wrike,[null],[null],[null],[null],[null],[null],[null],[null]
Zoho Projects,[null],[null],[null],[null],[null],[null],[null],[null]
